{
  "mapinfo" : {
    "blocks" : [
      {
        "name" : "testunknown",
        "levels" : [
          {
            "level" : "0",
            "tiles" : [
              {
                "size" : "256, 256",
                "isempty" : "0",
                "tilekey" : "testunknown_0_0_0",
                "hasmask" : "0"
              }
            ]
          }
        ],
        "rect" : {
          "overlaybottomleftcoord" : "38.047235,114.500490",
          "overlaytoprightcoord" : "38.065038,114.530637",
          "overlaytopleftcoord" : "38.065038,114.500490"
        }
      }
    ],
    "regions" : [
      {
        "tolerance" : "360",
        "span" : "0.042206",
        "name" : "testunknown",
        "midcoord" : "{38.056137, 114.515563}"
      }
    ]
  },
  "levels" : [

  ]
}